ID;MATERIAL;UBICACIÓN_1;UBICACIÓN_2;UBICACIÓN_3;UBICACIÓN_4;UBICACIÓN_5;UBICACIÓN_6
28;arcilla;5;7;9;47;49;51
32;desierto;9;11;13;51;53;55
36;piedra;13;15;17;55;57;59
68;oveja;45;47;49;87;89;91
72;oveja;49;51;53;91;93;95
76;trigo;53;55;57;95;97;99
80;trigo;57;59;61;99;101;103
108;trigo;85;87;89;127;129;131
112;madera;89;91;93;131;133;135
116;arcilla;93;95;97;135;137;139
120;madera;97;99;101;139;141;143
124;oveja;101;103;105;143;145;147
152;arcilla;129;131;133;171;173;175
156;piedra;133;135;137;175;177;179
160;madera;137;139;141;179;181;183
164;oveja;141;143;145;183;185;187
196;madera;173;175;177;215;217;219
200;trigo;177;179;181;219;221;223
204;piedra;181;183;185;223;225;227
